Issue ID,类别,所在回/范围,问题,来源,影响层,当前状态,关闭动作,关闭标准
RG-92-01,A阻断,92,司法/羁押程序链可能过密，存在程序胜过人物的风险,R4-G v1.0 P3-WATCH,P-Lock / Literary,CLOSED / REVISE-B / LOCK-B,Phase 2 A/B/C实验已完成；B压缩17.8%，C压缩25.5%,已满足；等待97/100关闭后统一并入R4-G候选正文并重跑R4-F
RG-97-01,A阻断,97,妙玉庵中米油、佛事、灯油、用水、器物机制可能展示过密,R4-G v1.0 P3-WATCH,P-Lock / Literary,CLOSED / REVISE-B / LOCK-B,Phase 3有效A/B/C实验完成；B妙玉段压缩10.8%，C压缩20.2%,已满足；B锁为第97候选，等待100关闭后统一并入候选正文
RG-100-01,A阻断,100,情榜后空空道人誊录段略长，且二次提示情情/情不情,R4-G v1.0 P3-WATCH,P-Lock / Literary,CLOSED / REVISE-B / LOCK-B,Phase 4长/中/短尾竞争完成；B尾段压缩44.1%，C压缩79.8%,已满足；B锁为第100尾段候选，等待OPEN-LOCK及统一候选正文回归
RG-DOC-01,A阻断,全局,v5.9顶部称R4通过，但正文仍保留R4待执行、H01—H06 PENDING等旧未来态,v5.9通过版,Docs / Governance,CLOSED / V5.9 FROZEN,v5.9不再作为活动总计划；Phase6建立中间唯一总控，最终v6.0留待R4-H,已满足；历史层旧文字允许保留，但不得进入CURRENT活动白名单
RG-DOC-02,A阻断,全局,实施事实登记表出现REVALIDATED与“待R4-E”等旧措辞并存,实施事实登记表v1.5,Docs / H / Implementation,CLOSED / REGISTER CLEANED,实施登记表升v1.6，清除待R4-E旧措辞并同步OPEN-LOCK/候选状态,已满足；历史层旧文字允许保留，但不得进入CURRENT活动白名单
RG-DOC-03,A阻断,全局,过早R4-H、v4.0包、COMPLETE状态仍可被误作ACTIVE,R4-H v1.0 / v4.0 / 活动链v1.3,Docs / Governance,CLOSED / OLD RELEASE EXCLUDED,旧R4-H/v4.0/COMPLETE文件保留历史层，但从Phase6活动白名单与活动包排除,已满足；历史层旧文字允许保留，但不得进入CURRENT活动白名单
RG-DOC-04,A阻断,全局,旧00索引写A—G全部PASS、43-0 RESUMED、无阻断项,00_当前操作链索引_v4.0.md,Docs / Governance,CLOSED / INDEX REPLACED,旧v4.0索引退出活动链；Phase6生成唯一当前索引,已满足；历史层旧文字允许保留，但不得进入CURRENT活动白名单
RG-GOV-01,A阻断,全局,合法开放接口尚未统一转OPEN-LOCKED，仍散落在实施表/母本/专项表,R4-F边界 + 实施登记,Boundary / Governance,CLOSED / OPEN-LOCK TABLE COMPLETE,已建立OPEN-LOCK治理规范与28项冻结表,已满足；Phase 6只需检查是否有文档违反冻结
RG-CLEAN-01,A阻断,全包,尚未执行最终活动包状态关键词清扫,清零计划Phase 6,Docs / Governance,CLOSED / CURRENT-LAYER CLEAN PASS,Phase6对当前活动白名单执行状态词/旧口径扫描并完成分类清扫,已满足；历史层旧文字允许保留，但不得进入CURRENT活动白名单
RG-FREG-01,A阻断,92/97/100,如R4-G实验改正文，尚需重新跑Literal/Semantic/Boundary,清零计划Phase 7,Literal / Semantic / Boundary,CLOSED / R4-F REGRESSION v1.2 FINAL PASS,92-B/97-B/100-B已合并；Literal/Semantic/Boundary/非目标区全部PASS,已满足
RG-GFINAL-01,A阻断,全局,R4-G尚无无WATCH的最终v2.0,清零计划Phase 8,P-Lock / Literary,CLOSED / R4-G v2.0 FINAL PASS,完成v1.4候选正文全幅P-Lock/Literary终审；WATCH=0；CONDITIONAL=0,已满足
RG-HFINAL-01,A阻断,全局,最终R4-H尚未重新执行,清零计划Phase 9,Release / Governance,CLOSED / R4-H v2.0 FINAL PASS,A—G、OPEN治理、CURRENT清扫、R4-F回归与R4-G终审全部通过；已生成稳定ACTIVE v4.1与v6.0总计划,已满足；43-0恢复
OL-001,B开放,全局,总回数100仍是当前首选模型，不是唯一可证明原稿总回数,实施登记：100回总模型=C-HIGH,Structure / Boundary,OPEN-LOCKED / CLOSED-AS-OPEN,Phase 5已纳入81—100_OPEN接口冻结表_v1.0,已满足；无新上游证据不得升硬
OL-002,B开放,85,《十独吟》作者、体裁、数量、对象未被源证锁定,R4-B/F；诗文表,Evidence / Boundary,OPEN-LOCKED / CLOSED-AS-OPEN,Phase 5已纳入81—100_OPEN接口冻结表_v1.0,已满足；无新上游证据不得升硬
OL-003,B开放,85,《十独吟》具体安置第85仅为PC/C-main,R4-C/F,Placement,OPEN-LOCKED / CLOSED-AS-OPEN,Phase 5已纳入81—100_OPEN接口冻结表_v1.0,已满足；无新上游证据不得升硬
OL-004,B开放,86,黛玉死亡落第86为C-placement,实施登记,Placement,OPEN-LOCKED / CLOSED-AS-OPEN,Phase 5已纳入81—100_OPEN接口冻结表_v1.0,已满足；无新上游证据不得升硬
OL-005,B开放,86→87,黛亡后数月再金玉婚的相位是当前C方案,实施登记,Placement / O01,OPEN-LOCKED / CLOSED-AS-OPEN,Phase 5已纳入81—100_OPEN接口冻结表_v1.0,已满足；无新上游证据不得升硬
OL-006,B开放,84→87,元妃丧制影响婚期，但精确期限未知,R4-E H03,H / Boundary,OPEN-LOCKED / CLOSED-AS-OPEN,Phase 5已纳入81—100_OPEN接口冻结表_v1.0,已满足；无新上游证据不得升硬
OL-007,B开放,87,金玉婚落第87是C-placement,实施登记,Placement,OPEN-LOCKED / CLOSED-AS-OPEN,Phase 5已纳入81—100_OPEN接口冻结表_v1.0,已满足；无新上游证据不得升硬
OL-008,B开放,88,袭人出嫁落第88为PC；婚后短返府谢恩是C-bridge,R4-C修复/实施登记,Placement / Implementation,OPEN-LOCKED / CLOSED-AS-OPEN,Phase 5已纳入81—100_OPEN接口冻结表_v1.0,已满足；无新上游证据不得升硬
OL-009,B开放,89,抄没落第89、先迁临时借院均为当前C/H方案,实施登记 + H02/H04,Placement / H,OPEN-LOCKED / CLOSED-AS-OPEN,Phase 5已纳入81—100_OPEN接口冻结表_v1.0,已满足；无新上游证据不得升硬
OL-010,B开放,90,T0完整回目文字硬，但‘第90回’是PC,R4-C/F,Placement / T-axis,OPEN-LOCKED / CLOSED-AS-OPEN,Phase 5已纳入81—100_OPEN接口冻结表_v1.0,已满足；无新上游证据不得升硬
OL-011,B开放,91,凤姐扫雪拾玉落第91、所拾之玉身份均开放,R4-C/F,Placement / Boundary,OPEN-LOCKED / CLOSED-AS-OPEN,Phase 5已纳入81—100_OPEN接口冻结表_v1.0,已满足；无新上游证据不得升硬
OL-012,B开放,92,具体罪由、羁押约十日、问讯轮数、释放条件均为C/H实现,实施登记 + H01/H02,H / Implementation / Boundary,OPEN-LOCKED / CLOSED-AS-OPEN,Phase 5已纳入81—100_OPEN接口冻结表_v1.0,已满足；无新上游证据不得升硬
OL-013,B开放,92,茜雪接近宝玉的具体门禁方式开放,R4-E/F H01,H / Boundary,OPEN-LOCKED / CLOSED-AS-OPEN,Phase 5已纳入81—100_OPEN接口冻结表_v1.0,已满足；无新上游证据不得升硬
OL-014,B开放,93→94,凤姐93死→巧姐94危机/刘姥姥救援为当前PC因果排程,总计划3.3/实施登记,Placement / Structure,OPEN-LOCKED / CLOSED-AS-OPEN,Phase 5已纳入81—100_OPEN接口冻结表_v1.0,已满足；无新上游证据不得升硬
OL-015,B开放,95,另赁偏院、租价、米炭药衣具体量化均为C,实施登记 + H04/H05,H / Implementation,OPEN-LOCKED / CLOSED-AS-OPEN,Phase 5已纳入81—100_OPEN接口冻结表_v1.0,已满足；无新上游证据不得升硬
OL-016,B开放,96→97,湘云婚若兰连接强，但婚期、婚后生活、若兰外出原因/时长开放,总计划3.4/实施登记,Evidence composite / C,OPEN-LOCKED / CLOSED-AS-OPEN,Phase 5已纳入81—100_OPEN接口冻结表_v1.0,已满足；无新上游证据不得升硬
OL-017,B开放,95→99,薛家/娘家援助额度、频率、持续性开放,R4-E H06,H / Boundary,OPEN-LOCKED / CLOSED-AS-OPEN,Phase 5已纳入81—100_OPEN接口冻结表_v1.0,已满足；无新上游证据不得升硬
OL-018,B开放,97,妙玉小庵生活为C-main；瓜州相关仅W2弱证,实施登记 + 靖藏W2治理,W2 / Boundary,OPEN-LOCKED / CLOSED-AS-OPEN,Phase 5已纳入81—100_OPEN接口冻结表_v1.0,已满足；无新上游证据不得升硬
OL-019,B开放,97,惜春落发的精确回次/庵中日常细节为C,实施登记,Placement / Implementation,OPEN-LOCKED / CLOSED-AS-OPEN,Phase 5已纳入81—100_OPEN接口冻结表_v1.0,已满足；无新上游证据不得升硬
OL-020,B开放,98,甄贾二宝现实相见是C实现,R4-F,Boundary / O07,OPEN-LOCKED / CLOSED-AS-OPEN,Phase 5已纳入81—100_OPEN接口冻结表_v1.0,已满足；无新上游证据不得升硬
OL-021,B开放,98,所送之玉是否同一通灵玉开放；误包机制为C,R4-F,Boundary / O03,OPEN-LOCKED / CLOSED-AS-OPEN,Phase 5已纳入81—100_OPEN接口冻结表_v1.0,已满足；无新上游证据不得升硬
OL-022,B开放,98,《续庄子》后文余步的具体实现开放,诗文表/实施登记,Literary evidence / Boundary,OPEN-LOCKED / CLOSED-AS-OPEN,Phase 5已纳入81—100_OPEN接口冻结表_v1.0,已满足；无新上游证据不得升硬
OL-023,B开放,99,‘悬崖撒手’与弃而为僧方向硬；第99、具体寺院/路径是C,R4-C/F,Placement / T2,OPEN-LOCKED / CLOSED-AS-OPEN,Phase 5已纳入81—100_OPEN接口冻结表_v1.0,已满足；无新上游证据不得升硬
OL-024,B开放,100,情榜正式总名开放,R4-B/F,Literal target / Boundary,OPEN-LOCKED / CLOSED-AS-OPEN,Phase 5已纳入81—100_OPEN接口冻结表_v1.0,已满足；无新上游证据不得升硬
OL-025,B开放,100,三副四副名单、是否每层十二、绝大多数情评开放,总计划3.5/R4-F,Structure / Boundary,OPEN-LOCKED / CLOSED-AS-OPEN,Phase 5已纳入81—100_OPEN接口冻结表_v1.0,已满足；无新上游证据不得升硬
OL-026,B开放,100,一轴素榜为当前C-format,实施登记,Implementation,OPEN-LOCKED / CLOSED-AS-OPEN,Phase 5已纳入81—100_OPEN接口冻结表_v1.0,已满足；无新上游证据不得升硬
OL-027,B开放,100,贾兰功名、李纨终局集中第100为C-placement,实施登记,Placement,OPEN-LOCKED / CLOSED-AS-OPEN,Phase 5已纳入81—100_OPEN接口冻结表_v1.0,已满足；无新上游证据不得升硬
OL-028,B开放,全局,所有81—100当前PC回次安置不是源证回次,R4-C/T-axis,Placement / Governance,OPEN-LOCKED / CLOSED-AS-OPEN,Phase 5已纳入81—100_OPEN接口冻结表_v1.0,已满足；无新上游证据不得升硬
POST-43-0-86,C后续,86,死亡与身体机制压力测试,总计划43-0,Literary / Stress test,DEFERRED-BY-DESIGN,R4最终放行后执行,不属于R4阻断；另存压力稿并完成六字段/P-Lock/盲读
POST-43-0-89,C后续,89,抄没、制度、财物、人情机制压力测试,总计划43-0,Literary / Stress test,DEFERRED-BY-DESIGN,R4最终放行后第二个执行,同上
POST-43-0-92,C后续,92,第92完整压力稿,总计划43-0,Literary / Stress test,DEFERRED-BY-DESIGN,与当前R4-G最小A/B实验区分；放行后第三个执行,当前实验只判可放行，不替代完整压力稿
POST-43-0-97,C后续,97,第97完整压力稿,总计划43-0,Literary / Stress test,DEFERRED-BY-DESIGN,与当前R4-G压缩实验区分；放行后第四个执行,当前实验只判可放行，不替代完整压力稿
POST-43,C后续,全局,分组正式重写81—100,总计划第43—52步,Post-R4,DEFERRED-BY-DESIGN,R4最终放行后按计划执行,不得在R4中提前消耗/不得作为R4未完成项
POST-44,C后续,全局,文化‘非展览馆’审计,总计划第43—52步,Post-R4,DEFERRED-BY-DESIGN,R4最终放行后按计划执行,不得在R4中提前消耗/不得作为R4未完成项
POST-45,C后续,全局,诗词质量与证据身份审计,总计划第43—52步,Post-R4,DEFERRED-BY-DESIGN,R4最终放行后按计划执行,不得在R4中提前消耗/不得作为R4未完成项
POST-46,C后续,全局,博学/知识密度审计,总计划第43—52步,Post-R4,DEFERRED-BY-DESIGN,R4最终放行后按计划执行,不得在R4中提前消耗/不得作为R4未完成项
POST-47,C后续,全局,章法与回目总审,总计划第43—52步,Post-R4,DEFERRED-BY-DESIGN,R4最终放行后按计划执行,不得在R4中提前消耗/不得作为R4未完成项
POST-48,C后续,全局,80→81无缝接轨,总计划第43—52步,Post-R4,DEFERRED-BY-DESIGN,R4最终放行后按计划执行,不得在R4中提前消耗/不得作为R4未完成项
POST-49,C后续,全局,人物与物件长线织网,总计划第43—52步,Post-R4,DEFERRED-BY-DESIGN,R4最终放行后按计划执行,不得在R4中提前消耗/不得作为R4未完成项
POST-50,C后续,全局,不看证据标签的纯文学盲读,总计划第43—52步,Post-R4,DEFERRED-BY-DESIGN,R4最终放行后按计划执行,不得在R4中提前消耗/不得作为R4未完成项
POST-51,C后续,全局,越界终审,总计划第43—52步,Post-R4,DEFERRED-BY-DESIGN,R4最终放行后按计划执行,不得在R4中提前消耗/不得作为R4未完成项
POST-52,C后续,全局,重新生成纯读版/学术版/证据边界版,总计划第43—52步,Post-R4,DEFERRED-BY-DESIGN,R4最终放行后按计划执行,不得在R4中提前消耗/不得作为R4未完成项
