kind,title,path,sha256,authority_note
PRIMARY_SOURCE,脂评汇校本 PDF,01_PRIMARY_SOURCES/红楼梦脂评汇校本 v3.1416_20251012_可复制.pdf,37441da3cb438d1b3eab2b511aa6f1695f309192fa63bea842413ff91655c1d7,SOURCE_AUTHORITY
PRIMARY_SOURCE,脂评汇校本 EPUB,01_PRIMARY_SOURCES/（清）曹雪芹-红楼梦脂评汇校本.epub,ef840e3ff96b056594a1388d7accfe7065ad2a940568222e4075ecb7bc0ea755,SOURCE_AUTHORITY
CURRENT,稳定 ACTIVE 正文 v1.4,02_CURRENT_RUNTIME/IMPLEMENTATION/第32-A_红楼梦八十回后文学复原_纯读版_v1.4_稳定ACTIVE基线.md,4645da79b1bed76f54be281c50b5df648f599ea41541fb7855685753b6a85320,FROZEN_STABLE_ACTIVE
REFERENCE,工作母本 v2.1,03_VALID_HISTORY/RECONSTRUCTION/REFERENCE/c1946d9ff0__红楼梦八十回后佚稿复原_工作底稿_v2.1_最终母本.md,c1946d9ff097372aa0583eec627a5f37ec77ec3b076fa2229c23f7f441bb7eb0,REFERENCE / evidence discipline
REFERENCE,80回后佚失诗词文赋总表 v1.1,03_VALID_HISTORY/EVIDENCE_LITERARY/REFERENCE/732b923ba0__80回后佚失诗词文赋总表_v1.1_评审修订版.md,732b923ba07f0b72f0980915085eb65c5ff278d17b2f92cdb597abc6609060cd,REFERENCE / literary evidence
CURRENT,全幅文学补完大工程计划 v6.0,02_CURRENT_RUNTIME/GOVERNANCE/红楼梦八十回后全幅文学补完大工程计划_v6.0_R4最终放行版.md,6ab10932c4f8ae3580ec1f1db3034e8ba2fee58ae038db9556204ee11aeb0d44,CURRENT governance source
MACHINE_STATE,Literary live state,04_CURRENT_REPOSITORY/data/project_state/literary_43_0_resume.json,,CURRENT
MACHINE_STATE,Repository governance,04_CURRENT_REPOSITORY/data/project_state/repository_governance_20261007.json,,CURRENT
MACHINE_STATE,Prewrite Harness v0.6,04_CURRENT_REPOSITORY/data/prewrite/v06.json,,PASS / STAGING_ONLY
MACHINE_STATE,Literary evaluator v0.5,04_CURRENT_REPOSITORY/data/literary_eval/v05_suite.json,,PASS / LITERARY_SCREENING_ONLY
MACHINE_STATE,Historical adapters v0.4,04_CURRENT_REPOSITORY/data/mechanism_adapters/v04.json,,PASS / FEASIBILITY_ONLY
MACHINE_STATE,Character Truth v0.3,04_CURRENT_REPOSITORY/data/knowledge/v03_slice1.json,,PASS
