package,class,note,file_count_observed,declared_count,count_discrepancy,uncompressed_bytes,zip_bytes,sha256,files_matched_in_v4.2,files_unique_outside_v4.2,v4.2_hash_coverage,recommended_role
RedChamberWorldHarness_v0.1.zip,HARNESS_CODE_LEGACY,旧Harness demo/kernel；仅作代码谱系，不作研究真相,38,,0,35816,29706,0e3b892908998c79e3f488b4fef8730c4e57f56f14b332a0e91548c480b4f907,0,38,0.0,Code lineage only
红楼梦探佚_R4审计准备_精简过程文档体系_v3.4(2).zip,PRE_R4_BRIDGE,R4审计前桥接包；部分内容未进入v4.2三套来源快照，需保留谱系,68,,0,1391593,639049,f0dbbf70d5d80d9acafb897469959cac3cc579fecd718705f91a2f6515853364,29,39,0.4264705882352941,Bridge lineage / import reference
红楼梦探佚_R4纠偏_Phase0-1_v1.0.zip,AUDIT_VALID,撤销过早放行与遗留问题治理,9,,0,45784,24031,a16b5f273d2da4f385157afc17934ae5b17d4d57294d89cdd68dc10eed66d2e9,8,1,0.8888888888888888,Audit trace / regression fixture
红楼梦探佚_R4纠偏_Phase2_RG92_v1.0.zip,AUDIT_VALID,第92回有效A/B/C实验，B胜出,8,,0,113913,52200,9dd4ef1c985ae2994bbfb3a88b69f42b9f2b0ea115ca03b187bc7fad69214088,7,1,0.875,Audit trace / regression fixture
红楼梦探佚_R4纠偏_Phase3_RG97_v1.0.zip,SUPERSEDED,第97初版实验被v1.1取代,9,,0,93182,45171,5bc9ac32afa703ce7302beb3ff226ba1ec294848471e72474be769fc4ba72444,2,7,0.2222222222222222,Archive negative fixture only
红楼梦探佚_R4纠偏_Phase3_RG97_v1.1.zip,AUDIT_VALID,第97有效A/B/C实验，B胜出,9,,0,102680,49191,6c215f745b6361049bc29d4a0214f4282906e1729473daae82f826cf27d81b38,8,1,0.8888888888888888,Audit trace / regression fixture
红楼梦探佚_R4纠偏_Phase4_RG100_v1.0.zip,AUDIT_VALID,第100长/中/短尾实验，B胜出,8,,0,101262,48663,33fc366d07abd7d4131053ee3da3c70bd1a37f1cc00a7ec103a8e551308c1f1c,7,1,0.875,Audit trace / regression fixture
红楼梦探佚_R4纠偏_Phase5_OPENLOCK_v1.0.zip,AUDIT_VALID,28项OPEN-LOCK冻结,7,,0,29228,14307,5c6fbd6d168aa14ecf47ff728934c57f2c105a9369a0cc7665362326104f058b,6,1,0.8571428571428571,Audit trace / regression fixture
红楼梦探佚_R4纠偏_Phase6_CURRENT_v1.0.zip,SUPERSEDED,Phase6初版，被v1.1取代,26,,0,801679,341781,4f26f2739383d53c1b80915bc0d862a89c16bbd68b9a912a77378649e12f3582,23,3,0.8846153846153846,Archive negative fixture only
红楼梦探佚_R4纠偏_Phase6_CURRENT_v1.1.zip,AUDIT_VALID,CURRENT活动层清扫有效版,26,,0,795162,340106,64c116232e234b3b38943ff1ec6d7a292d7d1959f408525c337377abd6fc4e5f,25,1,0.9615384615384616,Audit trace / regression fixture
红楼梦探佚_R4纠偏_Phase7_R4FRegression_v1.0.zip,SUPERSEDED,早期回归版本，后被FINAL取代,11,,0,601177,245612,22f7fdd38a7aedb2f6355dbdfa7f7ab7382f171fb2cbc83f8f2b7fb7679e2919,9,2,0.8181818181818182,Archive negative fixture only
红楼梦探佚_R4纠偏_Phase7_R4FRegression_v1.1.zip,SUPERSEDED,早期回归版本，后被FINAL取代,11,,0,601582,245839,95fcd2213ce1bc84610e090f30f9f83458efd32c44fdd7b62f91e3d2ec33f909,9,2,0.8181818181818182,Archive negative fixture only
红楼梦探佚_R4纠偏_Phase7_R4FRegression_v1.2_FINAL.zip,AUDIT_VALID,R4-F regression最终有效版,11,,0,600852,245605,1676906adba544a4c6ca63475eae334505161b9105ea2dd0204887ef2630e1b5,10,1,0.9090909090909091,Audit trace / regression fixture
红楼梦探佚_R4纠偏_Phase8_R4G_FINAL_v2.0.zip,AUDIT_VALID,R4-G文学终审FINAL,11,,0,608120,249107,266998d4d5d19481d3362e11027eb13e4d5f43a8e05bb2acf3ce144cd5a7bb79,10,1,0.9090909090909091,Audit trace / regression fixture
红楼梦探佚_全量文档体系_重整版_v4.2.zip,MASTER_DISCOVERY,全量母库/发现层；CURRENT+研究记忆+历史+来源快照,913,912,1,38515723,26398309,beceb7b8a246b6aaa0483d4a184a644824a8ccce1a9cb695a872886cdbfce089,913,0,1,Discovery + preservation only; do not double-count evidence
红楼梦探佚_截至R3_全量文档体系整理_v3.4(1).zip,HISTORICAL_RICH_SOURCE,R3全量研究记忆，v4.2完整快照覆盖,229,,0,4966442,2247314,5485aa196b695b962830fa566594f1385fcda5c28fc2daca9451adda4e296020,229,0,1.0,Research memory source
红楼梦探佚_截至第32步_v5.0启动前_精简过程文档体系_v2.0(2).zip,V5_STARTING_CORPUS,v5启动资产，v4.2完整快照覆盖,137,,0,11998519,9988581,4a9032a98ce53f2b79341e10afe19714baa7d1bdb7c15fb9a28092eb2a0763cd,137,0,1.0,World/literary seed source
红楼梦探佚_稳定ACTIVE过程文档体系_v4.0.zip,REVOKED_RELEASE,过早放行版本，仅审计追溯,14,,0,625407,262587,f2df69dcec04dc6714608412fe174199097cb44de9032bfe34d5d64ab31cb972,12,2,0.8571428571428571,Governance negative fixture only
红楼梦探佚_稳定ACTIVE过程文档体系_v4.1.zip,CURRENT_CANONICAL,R4-H正式放行的当前权威包,23,,0,703997,299065,83c96f328d106e29ba3457d817bc5f96d939d21d3c6ed95595d2187ad0fb50ed,23,0,1.0,CURRENT truth / release baseline
