omitted_origin_type,omitted_origin_container,omitted_original_path,sha256,retained_path
V5_PRE32_BASELINE,红楼梦探佚_截至第32步_v5.0启动前_精简过程文档体系_v2.0(3).zip,01_原始材料_只读/红楼梦脂评汇校本 v3.1416_20251012_可复制.pdf,37441da3cb438d1b3eab2b511aa6f1695f309192fa63bea842413ff91655c1d7,02_PRIMARY_SOURCES/红楼梦脂评汇校本 v3.1416_20251012_可复制.pdf
V5_PRE32_BASELINE,红楼梦探佚_截至第32步_v5.0启动前_精简过程文档体系_v2.0(3).zip,01_原始材料_只读/（清）曹雪芹-红楼梦脂评汇校本.epub,ef840e3ff96b056594a1388d7accfe7065ad2a940568222e4075ecb7bc0ea755,02_PRIMARY_SOURCES/（清）曹雪芹-红楼梦脂评汇校本.epub
V5_PRE32_BASELINE,红楼梦探佚_截至第32步_v5.0启动前_精简过程文档体系_v2.0(3).zip,02_证据与结构底板_只读/01_母本索引与状态链/红楼梦八十回后佚稿复原_工作底稿_v2.1_最终母本.md,c1946d9ff097372aa0583eec627a5f37ec77ec3b076fa2229c23f7f441bb7eb0,03_CURRENT_PROJECT_SOURCES/红楼梦八十回后佚稿复原_工作底稿_v2.1_最终母本.md
V5_PRE32_BASELINE,红楼梦探佚_截至第32步_v5.0启动前_精简过程文档体系_v2.0(3).zip,02_证据与结构底板_只读/02_历史机制_H01-H06/清代机制核查_H04居所与主婚权_v0.1.md,8786bbf96f258a201be9deb5baa8d2cd58b12f9082b30bda52a8f76437c15ee9,03_CURRENT_PROJECT_SOURCES/清代机制核查_H04居所与主婚权_v0.1.md
POST_M8_SOURCE_ARCHIVE,RCWH_SelfContained_Handover_v4.0_20261007(1).zip,02_CURRENT_RUNTIME/GOVERNANCE/红楼梦八十回后全幅文学补完大工程计划_v6.0_R4最终放行版.md,6ab10932c4f8ae3580ec1f1db3034e8ba2fee58ae038db9556204ee11aeb0d44,03_CURRENT_PROJECT_SOURCES/红楼梦八十回后全幅文学补完大工程计划_v6.0_R4最终放行版.md
POST_M8_SOURCE_ARCHIVE,RCWH_SelfContained_Handover_v4.0_20261007(1).zip,03_VALID_HISTORY/ARCHIVE/HISTORICAL/2279e53f8a__旧禁写项重审登记_v1.0.md,2279e53f8a5a5e16b2a2ec716f8ed3da54ca809fab175807f1b7a9551f3cb8c1,04_V5_PRE32_BASELINE/10_v5.0启动基线/旧禁写项重审登记_v1.0.md
POST_M8_SOURCE_ARCHIVE,RCWH_SelfContained_Handover_v4.0_20261007(1).zip,03_VALID_HISTORY/ARCHIVE/HISTORICAL/2537b13926__81—100全幅文学补完第一轮优先级矩阵_v1.0.md,2537b13926b5b0bc4cab7a3d2a3b097c99087dcfe9deee314e05f4ba65d09f9a,04_V5_PRE32_BASELINE/10_v5.0启动基线/81—100全幅文学补完第一轮优先级矩阵_v1.0.md
POST_M8_SOURCE_ARCHIVE,RCWH_SelfContained_Handover_v4.0_20261007(1).zip,03_VALID_HISTORY/ARCHIVE/HISTORICAL/327b2d0a31__原工作区文件去留登记.md,327b2d0a31f1d71a10e2234c6f20b6b48c206e5c6178b058eab71a8178cc4783,04_V5_PRE32_BASELINE/00_从这里开始/原工作区文件去留登记.md
POST_M8_SOURCE_ARCHIVE,RCWH_SelfContained_Handover_v4.0_20261007(1).zip,03_VALID_HISTORY/ARCHIVE/HISTORICAL/388d66ea8d__第28F步_81—100诗词文书全局总审计_v1.0.md,388d66ea8d4edcc98b03876a03b90679bbf4f541c91a65b53f475d1eaaf6248c,04_V5_PRE32_BASELINE/06_诗文情榜文书专项_第28步/02_历史缺席决策_须按v5重审/第28F步_81—100诗词文书全局总审计_v1.0.md
POST_M8_SOURCE_ARCHIVE,RCWH_SelfContained_Handover_v4.0_20261007(1).zip,03_VALID_HISTORY/ARCHIVE/HISTORICAL/3c394373ce__81—100回全20回场次卡总装_v1.5.md,3c394373cec3417735037bdc9495c75b9e9d653356a8535e1491f7cad448de29,04_V5_PRE32_BASELINE/02_证据与结构底板_只读/05_结构复原历史基线/81—100回全20回场次卡总装_v1.5.md
POST_M8_SOURCE_ARCHIVE,RCWH_SelfContained_Handover_v4.0_20261007(1).zip,03_VALID_HISTORY/ARCHIVE/HISTORICAL/53c8058a5e__v5可继承的旧阶段方法论摘要.md,53c8058a5e72781ef8f4d8f75c8b6ac192de3266ccb7a84ebc86d4d9e0d89239,04_V5_PRE32_BASELINE/00_从这里开始/v5可继承的旧阶段方法论摘要.md
POST_M8_SOURCE_ARCHIVE,RCWH_SelfContained_Handover_v4.0_20261007(1).zip,03_VALID_HISTORY/ARCHIVE/HISTORICAL/769493d12e__第29-E_81—100总装锁版候选与总验收_v1.0.md,769493d12e4c50699e883e69871fe6d9eda0999519bc77eba874e0eb5218e1b7,04_V5_PRE32_BASELINE/07_全文总装与文学证据审计_第30步/00_第29步总装沿革/第29-E_81—100总装锁版候选与总验收_v1.0.md
POST_M8_SOURCE_ARCHIVE,RCWH_SelfContained_Handover_v4.0_20261007(1).zip,03_VALID_HISTORY/ARCHIVE/HISTORICAL/94248d147b__第31-E_第31步累计差异白名单_v1.0.md,94248d147b49ca1c601a395d5e960f070f18c46c9c8ada6b4ee2e32bed0d945d,04_V5_PRE32_BASELINE/08_第31步语言统一与版本治理/第31-E_第31步累计差异白名单_v1.0.md
POST_M8_SOURCE_ARCHIVE,RCWH_SelfContained_Handover_v4.0_20261007(1).zip,03_VALID_HISTORY/ARCHIVE/HISTORICAL/be8e70d3b7__第28F步_第100回终篇收束三案终审_v1.0.md,be8e70d3b754ee03e1be8cae6929b62322df3d94edade2a2186ab4fbbadd26f2,04_V5_PRE32_BASELINE/06_诗文情榜文书专项_第28步/02_历史缺席决策_须按v5重审/第28F步_第100回终篇收束三案终审_v1.0.md
POST_M8_SOURCE_ARCHIVE,RCWH_SelfContained_Handover_v4.0_20261007(1).zip,03_VALID_HISTORY/ARCHIVE/HISTORICAL/cac299674a__第28G-D_前80情字语汇与人物绑定证据库_v1.0.md,cac299674a8715da76fe8afafd0d0dd52122f3685e3c77f7784f16b6894d78a5,04_V5_PRE32_BASELINE/06_诗文情榜文书专项_第28步/01_保留为证据与声口基础/第28G-D_前80情字语汇与人物绑定证据库_v1.0.md
POST_M8_SOURCE_ARCHIVE,RCWH_SelfContained_Handover_v4.0_20261007(1).zip,03_VALID_HISTORY/ARCHIVE/HISTORICAL/e22c7eb49c__81—100结构复原基线正文_v1.0_非文学终稿.md,e22c7eb49ceccf8d33f1ebb6eb79ba6c0f7850e960835d4b918471049c760282,04_V5_PRE32_BASELINE/02_证据与结构底板_只读/05_结构复原历史基线/81—100结构复原基线正文_v1.0_非文学终稿.md
POST_M8_SOURCE_ARCHIVE,RCWH_SelfContained_Handover_v4.0_20261007(1).zip,03_VALID_HISTORY/ARCHIVE/HISTORICAL/f32325f074__第28G-F_五册六十芳锁版候选总表_v0.6.md,f32325f074f877aa8ec2ce6b4b16d0dd9a4fce6d23ce6269d8aec3ba637e2b30,04_V5_PRE32_BASELINE/06_诗文情榜文书专项_第28步/01_保留为证据与声口基础/第28G-F_五册六十芳锁版候选总表_v0.6.md
POST_M8_SOURCE_ARCHIVE,RCWH_SelfContained_Handover_v4.0_20261007(1).zip,03_VALID_HISTORY/EVIDENCE_LITERARY/REFERENCE/732b923ba0__80回后佚失诗词文赋总表_v1.1_评审修订版.md,732b923ba07f0b72f0980915085eb65c5ff278d17b2f92cdb597abc6609060cd,03_CURRENT_PROJECT_SOURCES/80回后佚失诗词文赋总表_v1.1_评审修订版.md
POST_M8_SOURCE_ARCHIVE,RCWH_SelfContained_Handover_v4.0_20261007(1).zip,03_VALID_HISTORY/GOVERNANCE/HISTORICAL/b80d646964__红楼梦八十回后全幅文学补完大工程计划_v5.0.md,b80d646964bab1f04a401c55ccf9139aa3b63faf9aa224921e6a6144d7cf91ab,04_V5_PRE32_BASELINE/10_v5.0启动基线/红楼梦八十回后全幅文学补完大工程计划_v5.0.md
POST_M8_SOURCE_ARCHIVE,RCWH_SelfContained_Handover_v4.0_20261007(1).zip,03_VALID_HISTORY/GOVERNANCE/REFERENCE/0a7fe11248__第31-C_81—100诗文文书排版统一报告_v1.0.md,0a7fe112483b61eb8aea41fbb9fc1c5900f2f866273a566751f64d8bcf317320,04_V5_PRE32_BASELINE/08_第31步语言统一与版本治理/第31-C_81—100诗文文书排版统一报告_v1.0.md
POST_M8_SOURCE_ARCHIVE,RCWH_SelfContained_Handover_v4.0_20261007(1).zip,03_VALID_HISTORY/GOVERNANCE/REFERENCE/7d26392985__第31-C_书中文本排版规范_v1.0.md,7d26392985e78222e422016a2722ab301e345309006f092c68742b6738e93b9c,04_V5_PRE32_BASELINE/08_第31步语言统一与版本治理/第31-C_书中文本排版规范_v1.0.md
POST_M8_SOURCE_ARCHIVE,RCWH_SelfContained_Handover_v4.0_20261007(1).zip,03_VALID_HISTORY/IMPLEMENTATION/VERSION_HISTORY/3dba3eac83__第32-A_红楼梦八十回后文学复原_纯读版_v1.0.md,3dba3eac83aac149412cf91592caab5635837f38918d4d83218c352ae3241799,04_V5_PRE32_BASELINE/09_第32步三版基线_作为v5输入/第32-A_红楼梦八十回后文学复原_纯读版_v1.0.md
POST_M8_SOURCE_ARCHIVE,RCWH_SelfContained_Handover_v4.0_20261007(1).zip,03_VALID_HISTORY/IMPLEMENTATION/VERSION_HISTORY/4cc010445a__第32-A_红楼梦八十回后文学复原_纯读版_v1.0.docx,4cc010445af0c250f3648b8d75271299c84902f5237ce0964ace2d7ac92469fb,04_V5_PRE32_BASELINE/09_第32步三版基线_作为v5输入/第32-A_红楼梦八十回后文学复原_纯读版_v1.0.docx
POST_M8_SOURCE_ARCHIVE,RCWH_SelfContained_Handover_v4.0_20261007(1).zip,03_VALID_HISTORY/LITERARY_ECOLOGY/REFERENCE/019dfcbca4__第30-E_81—100诗文生态审计_v1.0.md,019dfcbca4b0e41c405b17968efad4ff830b8a8a734c2a887e9c2beec8c28e6a,04_V5_PRE32_BASELINE/07_全文总装与文学证据审计_第30步/第30-E_81—100诗文生态审计_v1.0.md
POST_M8_SOURCE_ARCHIVE,RCWH_SelfContained_Handover_v4.0_20261007(1).zip,03_VALID_HISTORY/LITERARY_ECOLOGY/REFERENCE/02dc44b043__第30-F_草蛇灰线分层抽样矩阵_v1.0.md,02dc44b0437d6381f2d16b9eb5b91d22fa6f3d28bfb22ae27d825b3cc37c59e3,04_V5_PRE32_BASELINE/07_全文总装与文学证据审计_第30步/第30-F_草蛇灰线分层抽样矩阵_v1.0.md
POST_M8_SOURCE_ARCHIVE,RCWH_SelfContained_Handover_v4.0_20261007(1).zip,03_VALID_HISTORY/LITERARY_ECOLOGY/REFERENCE/3125139ec2__81—100诗词文书总表_v1.1_第28A步细目版.md,3125139ec23a88a430c51de8bcf828c97fd2209c9c5d353da02e3139f6038568,04_V5_PRE32_BASELINE/06_诗文情榜文书专项_第28步/01_保留为证据与声口基础/81—100诗词文书总表_v1.1_第28A步细目版.md
POST_M8_SOURCE_ARCHIVE,RCWH_SelfContained_Handover_v4.0_20261007(1).zip,03_VALID_HISTORY/LITERARY_ECOLOGY/REFERENCE/34cacbd772__第31-D_语言词法与标点终校矩阵_v1.0.md,34cacbd77285efb14d7ec405931b7350e1584f303ce8d249294cf5fc75704677,04_V5_PRE32_BASELINE/08_第31步语言统一与版本治理/第31-D_语言词法与标点终校矩阵_v1.0.md
POST_M8_SOURCE_ARCHIVE,RCWH_SelfContained_Handover_v4.0_20261007(1).zip,03_VALID_HISTORY/LITERARY_ECOLOGY/REFERENCE/3502fee61b__第28E步_轻文书与有意缺席专项审计_v1.0.md,3502fee61b458954a6f0fd4761630c530fd33e07754ca23b74650bcbe12bed6c,04_V5_PRE32_BASELINE/06_诗文情榜文书专项_第28步/02_历史缺席决策_须按v5重审/第28E步_轻文书与有意缺席专项审计_v1.0.md
POST_M8_SOURCE_ARCHIVE,RCWH_SelfContained_Handover_v4.0_20261007(1).zip,03_VALID_HISTORY/LITERARY_ECOLOGY/REFERENCE/3735d2b2d8__前八十回_生活物质与家务索引_v1.0.md,3735d2b2d82d70aac061f2cf7f5ccee84370064d6935364aa587402dccb7ff96,04_V5_PRE32_BASELINE/03_前80文学语料基础_v4_供第33步升级/前八十回_生活物质与家务索引_v1.0.md
POST_M8_SOURCE_ARCHIVE,RCWH_SelfContained_Handover_v4.0_20261007(1).zip,03_VALID_HISTORY/LITERARY_ECOLOGY/REFERENCE/384ad26886__前八十回_诗词文书功能索引_v1.0.md,384ad26886acd15ec18e37d5b9d87a6db2cd5cee7509c7fc9ccb08cb670181f7,04_V5_PRE32_BASELINE/03_前80文学语料基础_v4_供第33步升级/前八十回_诗词文书功能索引_v1.0.md
POST_M8_SOURCE_ARCHIVE,RCWH_SelfContained_Handover_v4.0_20261007(1).zip,03_VALID_HISTORY/LITERARY_ECOLOGY/REFERENCE/3a6c54bfac__前八十回_人物对白语料库_v1.0.md,3a6c54bfac7be45f913a8f43d4869efe87a618a4161738f1424c20668ca24d9a,04_V5_PRE32_BASELINE/03_前80文学语料基础_v4_供第33步升级/前八十回_人物对白语料库_v1.0.md
POST_M8_SOURCE_ARCHIVE,RCWH_SelfContained_Handover_v4.0_20261007(1).zip,03_VALID_HISTORY/LITERARY_ECOLOGY/REFERENCE/3c36d03764__第30-D_81—100笑冷笔与闲笔审计_v1.0.md,3c36d03764bdc99ed559c56f374bb5817083e234d854f0f2b3232cc494c64490,04_V5_PRE32_BASELINE/07_全文总装与文学证据审计_第30步/第30-D_81—100笑冷笔与闲笔审计_v1.0.md
POST_M8_SOURCE_ARCHIVE,RCWH_SelfContained_Handover_v4.0_20261007(1).zip,03_VALID_HISTORY/LITERARY_ECOLOGY/REFERENCE/41b7b68190__第28C步_香菱黛玉诗体比较审计与施工决策_v1.0.md,41b7b6819038948bf18e73dc3c0a46676b9a6242cc9e095222f0c312a91329ee,04_V5_PRE32_BASELINE/06_诗文情榜文书专项_第28步/01_保留为证据与声口基础/第28C步_香菱黛玉诗体比较审计与施工决策_v1.0.md
POST_M8_SOURCE_ARCHIVE,RCWH_SelfContained_Handover_v4.0_20261007(1).zip,03_VALID_HISTORY/LITERARY_ECOLOGY/REFERENCE/42016d9125__前八十回_回次结构解剖表_v1.0.md,42016d91258f71f0bb574b67bfb54c8a607b60c6546ee08209532a198f85f7fa,04_V5_PRE32_BASELINE/03_前80文学语料基础_v4_供第33步升级/前八十回_回次结构解剖表_v1.0.md
POST_M8_SOURCE_ARCHIVE,RCWH_SelfContained_Handover_v4.0_20261007(1).zip,03_VALID_HISTORY/LITERARY_ECOLOGY/REFERENCE/5b450c642e__第31-B_81—100回目与章回套语统一报告_v1.0.md,5b450c642e0d3ea935a2240fb3726626a67adbc87da20f07cfb544fc26f56988,04_V5_PRE32_BASELINE/08_第31步语言统一与版本治理/第31-B_81—100回目与章回套语统一报告_v1.0.md
POST_M8_SOURCE_ARCHIVE,RCWH_SelfContained_Handover_v4.0_20261007(1).zip,03_VALID_HISTORY/LITERARY_ECOLOGY/REFERENCE/65e68c62d1__第31-A_81—100字法与称谓统一报告_v1.0.md,65e68c62d1fd1dbddab6383effe41e5e940853005af9d976c8aad03723dccb87,04_V5_PRE32_BASELINE/08_第31步语言统一与版本治理/第31-A_81—100字法与称谓统一报告_v1.0.md
POST_M8_SOURCE_ARCHIVE,RCWH_SelfContained_Handover_v4.0_20261007(1).zip,03_VALID_HISTORY/LITERARY_ECOLOGY/REFERENCE/6f8c975c82__第30-C_人物声音去署名测试矩阵_v1.0.md,6f8c975c82a66f0293009ae4a448edea93b4e75352c14b06e6565d0f692e2fcd,04_V5_PRE32_BASELINE/07_全文总装与文学证据审计_第30步/第30-C_人物声音去署名测试矩阵_v1.0.md
POST_M8_SOURCE_ARCHIVE,RCWH_SelfContained_Handover_v4.0_20261007(1).zip,03_VALID_HISTORY/LITERARY_ECOLOGY/REFERENCE/751c13216c__第28A步_81—100诗词文书现状清点_v1.0.md,751c13216cf93f9aa996bbb1eb21653492e6997283ac6bfc906a9cabf2aa668f,04_V5_PRE32_BASELINE/06_诗文情榜文书专项_第28步/01_保留为证据与声口基础/第28A步_81—100诗词文书现状清点_v1.0.md
POST_M8_SOURCE_ARCHIVE,RCWH_SelfContained_Handover_v4.0_20261007(1).zip,03_VALID_HISTORY/LITERARY_ECOLOGY/REFERENCE/7c59335f4e__第30-C_81—100人物声音审计_v1.0.md,7c59335f4ef3b754dde571193fe03c2f14cbc7ee4fed9c2ede044cc7abdcf662,04_V5_PRE32_BASELINE/07_全文总装与文学证据审计_第30步/第30-C_81—100人物声音审计_v1.0.md
POST_M8_SOURCE_ARCHIVE,RCWH_SelfContained_Handover_v4.0_20261007(1).zip,03_VALID_HISTORY/LITERARY_ECOLOGY/REFERENCE/840b663859__第30-B_81—100群像多声部矩阵_v1.0.md,840b663859f745e257f62bbba0d4270a45e04956ce6e7bd5829c2713269af0c1,04_V5_PRE32_BASELINE/07_全文总装与文学证据审计_第30步/第30-B_81—100群像多声部矩阵_v1.0.md
POST_M8_SOURCE_ARCHIVE,RCWH_SelfContained_Handover_v4.0_20261007(1).zip,03_VALID_HISTORY/LITERARY_ECOLOGY/REFERENCE/8921c55599__第30-B_81—100群像审计_v1.0.md,8921c55599b805e57b5db64f50b65dc32d074b807dc0615d88ca61c50241320f,04_V5_PRE32_BASELINE/07_全文总装与文学证据审计_第30步/第30-B_81—100群像审计_v1.0.md
POST_M8_SOURCE_ARCHIVE,RCWH_SelfContained_Handover_v4.0_20261007(1).zip,03_VALID_HISTORY/LITERARY_ECOLOGY/REFERENCE/8cfb494044__第31-A_字法与称谓统一矩阵_v1.0.md,8cfb49404420cb1accc5e66e155285bc74f9cd9417cf77e45a60602172052ce9,04_V5_PRE32_BASELINE/08_第31步语言统一与版本治理/第31-A_字法与称谓统一矩阵_v1.0.md
POST_M8_SOURCE_ARCHIVE,RCWH_SelfContained_Handover_v4.0_20261007(1).zip,03_VALID_HISTORY/LITERARY_ECOLOGY/REFERENCE/8ec15ed65d__第30-E_诗词书信榜文文书声口功能矩阵_v1.0.md,8ec15ed65d558c25e5e12e3e32f7267038275889658a26ebce00ffac0b1ef382,04_V5_PRE32_BASELINE/07_全文总装与文学证据审计_第30步/第30-E_诗词书信榜文文书声口功能矩阵_v1.0.md
POST_M8_SOURCE_ARCHIVE,RCWH_SelfContained_Handover_v4.0_20261007(1).zip,03_VALID_HISTORY/LITERARY_ECOLOGY/REFERENCE/b99e17fe06__第30-D_81—100闲笔与冷笔逐回矩阵_v1.0.md,b99e17fe0644fbc7f97b92ef91e19c01740f9dc048faf81567542abe6b4a8a28,04_V5_PRE32_BASELINE/07_全文总装与文学证据审计_第30步/第30-D_81—100闲笔与冷笔逐回矩阵_v1.0.md
POST_M8_SOURCE_ARCHIVE,RCWH_SelfContained_Handover_v4.0_20261007(1).zip,03_VALID_HISTORY/LITERARY_ECOLOGY/REFERENCE/c9cab8b2f2__第28D-T步_现实文书群总验收与跨回一致性审计_v1.0.md,c9cab8b2f2e4fd84ecd56bf0a167e9b3191820b3a4e7ee687b049de71f92314b,04_V5_PRE32_BASELINE/06_诗文情榜文书专项_第28步/01_保留为证据与声口基础/第28D-T步_现实文书群总验收与跨回一致性审计_v1.0.md
POST_M8_SOURCE_ARCHIVE,RCWH_SelfContained_Handover_v4.0_20261007(1).zip,03_VALID_HISTORY/LITERARY_ECOLOGY/REFERENCE/cc3f4fad83__第31-D_81—100语言词法与标点终统一报告_v1.0.md,cc3f4fad83e31c5715fedf829ccf823411943b5d10231b53609c41e108408ff8,04_V5_PRE32_BASELINE/08_第31步语言统一与版本治理/第31-D_81—100语言词法与标点终统一报告_v1.0.md
POST_M8_SOURCE_ARCHIVE,RCWH_SelfContained_Handover_v4.0_20261007(1).zip,03_VALID_HISTORY/LITERARY_ECOLOGY/REFERENCE/d12ee5f048__第31-B_回目与章回套语校定矩阵_v1.0.md,d12ee5f0481cc750b1854cb8489d9ba0f8c6f7ecf87c5112b75774911e869eee,04_V5_PRE32_BASELINE/08_第31步语言统一与版本治理/第31-B_回目与章回套语校定矩阵_v1.0.md
POST_M8_SOURCE_ARCHIVE,RCWH_SelfContained_Handover_v4.0_20261007(1).zip,03_VALID_HISTORY/LITERARY_ECOLOGY/REFERENCE/d1e2865d63__正文时代语汇与称谓表_v0.1.md,d1e2865d63b79f75c63c50cc03a5033fdddc26d21ac2632a689af26c682bc3fe,04_V5_PRE32_BASELINE/02_证据与结构底板_只读/05_结构复原历史基线/正文时代语汇与称谓表_v0.1.md
POST_M8_SOURCE_ARCHIVE,RCWH_SelfContained_Handover_v4.0_20261007(1).zip,03_VALID_HISTORY/LITERARY_ECOLOGY/REFERENCE/d5d7084210__第30-F_81—100草蛇灰线审计_v1.0.md,d5d7084210ccb0b05c53ab1544e6217c3228660827d0312534f71d37d84ccf30,04_V5_PRE32_BASELINE/07_全文总装与文学证据审计_第30步/第30-F_81—100草蛇灰线审计_v1.0.md
POST_M8_SOURCE_ARCHIVE,RCWH_SelfContained_Handover_v4.0_20261007(1).zip,03_VALID_HISTORY/LITERARY_ECOLOGY/REFERENCE/e441cb4792__第28C步_香菱诗文声口卡_v1.0.md,e441cb4792a16a8940f223ebb8530c7a77fb0e886494f4b8926b8c0e6dfd3f42,04_V5_PRE32_BASELINE/06_诗文情榜文书专项_第28步/01_保留为证据与声口基础/第28C步_香菱诗文声口卡_v1.0.md
POST_M8_SOURCE_ARCHIVE,RCWH_SelfContained_Handover_v4.0_20261007(1).zip,03_VALID_HISTORY/LITERARY_ECOLOGY/REFERENCE/e44db8f289__第28C步_黛玉诗文声口卡_v1.0.md,e44db8f289c4f43d251701ca2449e8bbde643663fac4e5ac62a14ac31486fde8,04_V5_PRE32_BASELINE/06_诗文情榜文书专项_第28步/01_保留为证据与声口基础/第28C步_黛玉诗文声口卡_v1.0.md
POST_M8_SOURCE_ARCHIVE,RCWH_SelfContained_Handover_v4.0_20261007(1).zip,03_VALID_HISTORY/LITERARY_ECOLOGY/REFERENCE/fa3777ea9b__前八十回_章法技法索引_v1.0.md,fa3777ea9bf815e7885be960879a35732c51c78e392ad7d11ebe32a36cae181e,04_V5_PRE32_BASELINE/03_前80文学语料基础_v4_供第33步升级/前八十回_章法技法索引_v1.0.md
POST_M8_SOURCE_ARCHIVE,RCWH_SelfContained_Handover_v4.0_20261007(1).zip,03_VALID_HISTORY/LITERARY_EVIDENCE/REFERENCE/1efea6c695__第28G-A_情榜证据全集_v1.0.md,1efea6c695e077840c1e5178fd0a6d04888da32d7dcfdab7e2f039ebdf79b06d,04_V5_PRE32_BASELINE/06_诗文情榜文书专项_第28步/01_保留为证据与声口基础/第28G-A_情榜证据全集_v1.0.md
POST_M8_SOURCE_ARCHIVE,RCWH_SelfContained_Handover_v4.0_20261007(1).zip,03_VALID_HISTORY/LITERARY_EVIDENCE/REFERENCE/534fc410a7__第28G-A_情榜硬证与推断分层表_v1.0.md,534fc410a743a1900b477c46d45f185a289527381d3262834badb00688cf39e2,04_V5_PRE32_BASELINE/06_诗文情榜文书专项_第28步/01_保留为证据与声口基础/第28G-A_情榜硬证与推断分层表_v1.0.md
POST_M8_SOURCE_ARCHIVE,RCWH_SelfContained_Handover_v4.0_20261007(1).zip,03_VALID_HISTORY/LITERARY_EVIDENCE/REFERENCE/ad3f26a464__第28G-D3_情榜首选体例规范_C星_v1.0.md,ad3f26a4648b71e4542effe22ccdf3afa68231286e8642cb8e7668a842596e43,04_V5_PRE32_BASELINE/06_诗文情榜文书专项_第28步/01_保留为证据与声口基础/第28G-D3_情榜首选体例规范_C星_v1.0.md
POST_M8_SOURCE_ARCHIVE,RCWH_SelfContained_Handover_v4.0_20261007(1).zip,03_VALID_HISTORY/MECHANISM_RESEARCH/REFERENCE/20cc84c24a__清代机制核查_H05贫困状态_v0.1.md,20cc84c24a402bffb114e0ba55be00222115c65560c3c275faf863300e9cfa40,04_V5_PRE32_BASELINE/02_证据与结构底板_只读/02_历史机制_H01-H06/清代机制核查_H05贫困状态_v0.1.md
POST_M8_SOURCE_ARCHIVE,RCWH_SelfContained_Handover_v4.0_20261007(1).zip,03_VALID_HISTORY/MECHANISM_RESEARCH/REFERENCE/3e1e430112__补充机制研究_贾兰功名与李纨因子得荣_v0.1_原H07.md,3e1e430112b18f0915b505849a42d7dc8590bf857649aa037c861da10c06206a,04_V5_PRE32_BASELINE/02_证据与结构底板_只读/03_补充机制研究_不纳入母本H编号/补充机制研究_贾兰功名与李纨因子得荣_v0.1_原H07.md
POST_M8_SOURCE_ARCHIVE,RCWH_SelfContained_Handover_v4.0_20261007(1).zip,03_VALID_HISTORY/MECHANISM_RESEARCH/REFERENCE/5063aa4b08__清代机制核查_H01狱神庙_v0.1.md,5063aa4b08c0f432ccd1ce3affe35403df6ae501e2b23ebc8656e770f3ee7b09,04_V5_PRE32_BASELINE/02_证据与结构底板_只读/02_历史机制_H01-H06/清代机制核查_H01狱神庙_v0.1.md
POST_M8_SOURCE_ARCHIVE,RCWH_SelfContained_Handover_v4.0_20261007(1).zip,03_VALID_HISTORY/MECHANISM_RESEARCH/REFERENCE/69c77b68cb__清代机制核查_H03服制与婚期_v0.1.md,69c77b68cbe5f9bb6fad4bbfa57275589ec76746d9559c49ae9fa45e77c1f97e,04_V5_PRE32_BASELINE/02_证据与结构底板_只读/02_历史机制_H01-H06/清代机制核查_H03服制与婚期_v0.1.md
POST_M8_SOURCE_ARCHIVE,RCWH_SelfContained_Handover_v4.0_20261007(1).zip,03_VALID_HISTORY/MECHANISM_RESEARCH/REFERENCE/730031a7d9__清代机制核查_H06薛家援助_v0.1.md,730031a7d958b0a48e496f1ff295e12117d2b43b61354e896d2d5348f75ce0d6,04_V5_PRE32_BASELINE/02_证据与结构底板_只读/02_历史机制_H01-H06/清代机制核查_H06薛家援助_v0.1.md
POST_M8_SOURCE_ARCHIVE,RCWH_SelfContained_Handover_v4.0_20261007(1).zip,03_VALID_HISTORY/MECHANISM_RESEARCH/REFERENCE/8786bbf96f__清代机制核查_H04居所与主婚权_v0.1.md,8786bbf96f258a201be9deb5baa8d2cd58b12f9082b30bda52a8f76437c15ee9,03_CURRENT_PROJECT_SOURCES/清代机制核查_H04居所与主婚权_v0.1.md
POST_M8_SOURCE_ARCHIVE,RCWH_SelfContained_Handover_v4.0_20261007(1).zip,03_VALID_HISTORY/MECHANISM_RESEARCH/REFERENCE/f895eefe1e__清代机制核查_H02抄没与羁押_v0.1.md,f895eefe1ebb05d36b3cf2579036685b4b60283e3caa966c5654dcc0b5cd9304,04_V5_PRE32_BASELINE/02_证据与结构底板_只读/02_历史机制_H01-H06/清代机制核查_H02抄没与羁押_v0.1.md
POST_M8_SOURCE_ARCHIVE,RCWH_SelfContained_Handover_v4.0_20261007(1).zip,03_VALID_HISTORY/RECONSTRUCTION/HISTORICAL_REFERENCE/133f591fd3__O06_卫湘终局正文前预关闭结论_v1.0.md,133f591fd30ff40615ea6c2c667682f20dcc60f955f3314045efc6e65cf76fe6,04_V5_PRE32_BASELINE/02_证据与结构底板_只读/04_开放接口历史研究/O06_卫湘终局正文前预关闭结论_v1.0.md
POST_M8_SOURCE_ARCHIVE,RCWH_SelfContained_Handover_v4.0_20261007(1).zip,03_VALID_HISTORY/RECONSTRUCTION/HISTORICAL_REFERENCE/34b7538fc1__O06_卫湘终局比较表_v1.0_正文前预关闭.md,34b7538fc1d62174001601b700e2a3c5c18ea3f9c5bbe12dca12670be189813f,04_V5_PRE32_BASELINE/02_证据与结构底板_只读/04_开放接口历史研究/O06_卫湘终局比较表_v1.0_正文前预关闭.md
POST_M8_SOURCE_ARCHIVE,RCWH_SelfContained_Handover_v4.0_20261007(1).zip,03_VALID_HISTORY/RECONSTRUCTION/HISTORICAL_REFERENCE/6e626fe1f4__O10_第99—100回终局分工压力测试_v0.1.md,6e626fe1f4b4464f90a2c2c2efc944f0771c64f0324b4340074ec2e20b780ab9,04_V5_PRE32_BASELINE/02_证据与结构底板_只读/04_开放接口历史研究/O10_第99—100回终局分工压力测试_v0.1.md
POST_M8_SOURCE_ARCHIVE,RCWH_SelfContained_Handover_v4.0_20261007(1).zip,03_VALID_HISTORY/RECONSTRUCTION/HISTORICAL_REFERENCE/708ed25a70__O01—O10接口冻结表_v1.0.md,708ed25a706620570bee49455f603feaa962d9609144b0d3e5ee469c8d0cb5c8,04_V5_PRE32_BASELINE/02_证据与结构底板_只读/01_母本索引与状态链/O01—O10接口冻结表_v1.0.md
POST_M8_SOURCE_ARCHIVE,RCWH_SelfContained_Handover_v4.0_20261007(1).zip,03_VALID_HISTORY/RECONSTRUCTION/HISTORICAL_REFERENCE/95f81452ec__O05_凤姐终局与巧姐脱险比较表_v0.1.md,95f81452ec6655ea1d14502694a9b38f7ca6e0f0cfaec216abf56beb0be561d7,04_V5_PRE32_BASELINE/02_证据与结构底板_只读/04_开放接口历史研究/O05_凤姐终局与巧姐脱险比较表_v0.1.md
POST_M8_SOURCE_ARCHIVE,RCWH_SelfContained_Handover_v4.0_20261007(1).zip,03_VALID_HISTORY/RECONSTRUCTION/HISTORICAL_REFERENCE/99b30d7bde__O07_甄贾二宝照面方案表_v0.1.md,99b30d7bde38989f7b7485318d786beb904dc54a602728d6933930e09674aaa4,04_V5_PRE32_BASELINE/02_证据与结构底板_只读/04_开放接口历史研究/O07_甄贾二宝照面方案表_v0.1.md
POST_M8_SOURCE_ARCHIVE,RCWH_SelfContained_Handover_v4.0_20261007(1).zip,03_VALID_HISTORY/RECONSTRUCTION/HISTORICAL_REFERENCE/c828ab4cf3__O01_O09_金玉婚姻相位与贾母主婚权联动比较表_v0.2.md,c828ab4cf3e46d87dc803218b4b1faf884fcdaa3d2338689ea569a83b84a1dac,04_V5_PRE32_BASELINE/02_证据与结构底板_只读/04_开放接口历史研究/O01_O09_金玉婚姻相位与贾母主婚权联动比较表_v0.2.md
POST_M8_SOURCE_ARCHIVE,RCWH_SelfContained_Handover_v4.0_20261007(1).zip,03_VALID_HISTORY/RECONSTRUCTION/HISTORICAL_REFERENCE/cc383633d9__O08_妙玉终局与瓜州判定表_v0.1.md,cc383633d9aeb50a67e164014564ac2e0a9cedda1d0966cdeb839ed78dde4974,04_V5_PRE32_BASELINE/02_证据与结构底板_只读/04_开放接口历史研究/O08_妙玉终局与瓜州判定表_v0.1.md
POST_M8_SOURCE_ARCHIVE,RCWH_SelfContained_Handover_v4.0_20261007(1).zip,03_VALID_HISTORY/RECONSTRUCTION/REFERENCE/04229538c4__第094回_文学复原剧情增厚卡_v1.0.md,04229538c4b4098219673f5ce1d897abc32b4e1afa81ff8fe485e9d3374c5628,04_V5_PRE32_BASELINE/04_81—100生活世界与剧情卡/02_第21步剧情增厚卡/单回卡/第094回_文学复原剧情增厚卡_v1.0.md
POST_M8_SOURCE_ARCHIVE,RCWH_SelfContained_Handover_v4.0_20261007(1).zip,03_VALID_HISTORY/RECONSTRUCTION/REFERENCE/20323c5ef0__81—100剧情增厚总表_v1.0.md,20323c5ef01f906317c6dcb1060d03bb182ae6b252be1dc5ced5fd74888bb62e,04_V5_PRE32_BASELINE/04_81—100生活世界与剧情卡/02_第21步剧情增厚卡/81—100剧情增厚总表_v1.0.md
POST_M8_SOURCE_ARCHIVE,RCWH_SelfContained_Handover_v4.0_20261007(1).zip,03_VALID_HISTORY/RECONSTRUCTION/REFERENCE/219e85da63__第093回_文学复原剧情增厚卡_v1.0.md,219e85da63cd1412d0ac2bab39fbeb84f7b0fe47dc96ba1748e75b9b19af06ed,04_V5_PRE32_BASELINE/04_81—100生活世界与剧情卡/02_第21步剧情增厚卡/单回卡/第093回_文学复原剧情增厚卡_v1.0.md
POST_M8_SOURCE_ARCHIVE,RCWH_SelfContained_Handover_v4.0_20261007(1).zip,03_VALID_HISTORY/RECONSTRUCTION/REFERENCE/2341ae11bc__第095回_文学复原剧情增厚卡_v1.0.md,2341ae11bc9500c91574085ba0386f2730d33d7be6de5f6b3e6007c17da5d575,04_V5_PRE32_BASELINE/04_81—100生活世界与剧情卡/02_第21步剧情增厚卡/单回卡/第095回_文学复原剧情增厚卡_v1.0.md
POST_M8_SOURCE_ARCHIVE,RCWH_SelfContained_Handover_v4.0_20261007(1).zip,03_VALID_HISTORY/RECONSTRUCTION/REFERENCE/2aa4d30b88__红楼梦八十回后佚稿复原_RP回次证据索引_v1.0.md,2aa4d30b88ea4ba346c5230646b8b5234a5fd0e8a0c78db2fa42a1f11aa28a17,04_V5_PRE32_BASELINE/02_证据与结构底板_只读/01_母本索引与状态链/红楼梦八十回后佚稿复原_RP回次证据索引_v1.0.md
POST_M8_SOURCE_ARCHIVE,RCWH_SelfContained_Handover_v4.0_20261007(1).zip,03_VALID_HISTORY/RECONSTRUCTION/REFERENCE/34cdf5961d__第084回_文学复原剧情增厚卡_v1.0.md,34cdf5961deb09bf588106a1c34433c120526b5d673a4c2d4120853f8dd56a1d,04_V5_PRE32_BASELINE/04_81—100生活世界与剧情卡/02_第21步剧情增厚卡/单回卡/第084回_文学复原剧情增厚卡_v1.0.md
POST_M8_SOURCE_ARCHIVE,RCWH_SelfContained_Handover_v4.0_20261007(1).zip,03_VALID_HISTORY/RECONSTRUCTION/REFERENCE/41bb2d128f__第096回_文学复原剧情增厚卡_v1.0.md,41bb2d128fa76fef0b329335b0a7a9d5f2ebb69797fe1160023703438bf15626,04_V5_PRE32_BASELINE/04_81—100生活世界与剧情卡/02_第21步剧情增厚卡/单回卡/第096回_文学复原剧情增厚卡_v1.0.md
POST_M8_SOURCE_ARCHIVE,RCWH_SelfContained_Handover_v4.0_20261007(1).zip,03_VALID_HISTORY/RECONSTRUCTION/REFERENCE/494b863881__第090回_文学复原剧情增厚卡_v1.0.md,494b863881b9739110d15052c393c2b0fdc797d9997f2c5a367efc45fc3434f4,04_V5_PRE32_BASELINE/04_81—100生活世界与剧情卡/02_第21步剧情增厚卡/单回卡/第090回_文学复原剧情增厚卡_v1.0.md
POST_M8_SOURCE_ARCHIVE,RCWH_SelfContained_Handover_v4.0_20261007(1).zip,03_VALID_HISTORY/RECONSTRUCTION/REFERENCE/4f8b794f4a__第087回_文学复原剧情增厚卡_v1.0.md,4f8b794f4a20bd8de5c1ccadcc2530ed812ded75930e9b181ce91fadba2aeeeb,04_V5_PRE32_BASELINE/04_81—100生活世界与剧情卡/02_第21步剧情增厚卡/单回卡/第087回_文学复原剧情增厚卡_v1.0.md
POST_M8_SOURCE_ARCHIVE,RCWH_SelfContained_Handover_v4.0_20261007(1).zip,03_VALID_HISTORY/RECONSTRUCTION/REFERENCE/4fbc0c3486__第091回_文学复原剧情增厚卡_v1.0.md,4fbc0c34861a7ad4d7fd7b01703e383ce7b036a5e1e4642ab80049a43e7d4087,04_V5_PRE32_BASELINE/04_81—100生活世界与剧情卡/02_第21步剧情增厚卡/单回卡/第091回_文学复原剧情增厚卡_v1.0.md
POST_M8_SOURCE_ARCHIVE,RCWH_SelfContained_Handover_v4.0_20261007(1).zip,03_VALID_HISTORY/RECONSTRUCTION/REFERENCE/576ea1a9a0__第081回_文学复原剧情增厚卡_v1.0.md,576ea1a9a0975e803d328f77b255dfe85b94b168b335b878d4a71eb8fb2ef7b7,04_V5_PRE32_BASELINE/04_81—100生活世界与剧情卡/02_第21步剧情增厚卡/单回卡/第081回_文学复原剧情增厚卡_v1.0.md
POST_M8_SOURCE_ARCHIVE,RCWH_SelfContained_Handover_v4.0_20261007(1).zip,03_VALID_HISTORY/RECONSTRUCTION/REFERENCE/65918016b8__第098回_文学复原剧情增厚卡_v1.0.md,65918016b82034399bcc1f0ce2810fa45ef457ca43da9f0c0bd026b047665c20,04_V5_PRE32_BASELINE/04_81—100生活世界与剧情卡/02_第21步剧情增厚卡/单回卡/第098回_文学复原剧情增厚卡_v1.0.md
POST_M8_SOURCE_ARCHIVE,RCWH_SelfContained_Handover_v4.0_20261007(1).zip,03_VALID_HISTORY/RECONSTRUCTION/REFERENCE/66f02e1518__第092回_文学复原剧情增厚卡_v1.0.md,66f02e1518318a56aa4e12a03de587a472cdf99004d96d3027d97230b5acfb09,04_V5_PRE32_BASELINE/04_81—100生活世界与剧情卡/02_第21步剧情增厚卡/单回卡/第092回_文学复原剧情增厚卡_v1.0.md
POST_M8_SOURCE_ARCHIVE,RCWH_SelfContained_Handover_v4.0_20261007(1).zip,03_VALID_HISTORY/RECONSTRUCTION/REFERENCE/77b6fd00f1__第097回_文学复原剧情增厚卡_v1.0.md,77b6fd00f186dd742d61288241310b7560ec0fc6ec61057caed2e2f6815bfea7,04_V5_PRE32_BASELINE/04_81—100生活世界与剧情卡/02_第21步剧情增厚卡/单回卡/第097回_文学复原剧情增厚卡_v1.0.md
POST_M8_SOURCE_ARCHIVE,RCWH_SelfContained_Handover_v4.0_20261007(1).zip,03_VALID_HISTORY/RECONSTRUCTION/REFERENCE/9392225a05__第099回_文学复原剧情增厚卡_v1.0.md,9392225a057f5f173cccdea6fa0bec5e73c1d1396a7c7eec95bc3afda62ce592,04_V5_PRE32_BASELINE/04_81—100生活世界与剧情卡/02_第21步剧情增厚卡/单回卡/第099回_文学复原剧情增厚卡_v1.0.md
POST_M8_SOURCE_ARCHIVE,RCWH_SelfContained_Handover_v4.0_20261007(1).zip,03_VALID_HISTORY/RECONSTRUCTION/REFERENCE/95dffc7aa6__红楼梦八十回后佚稿复原_决策台账_v2.5.md,95dffc7aa6792b140e9847b3effe599ea22105b07ba70fd57e0c012ef4205b61,04_V5_PRE32_BASELINE/02_证据与结构底板_只读/01_母本索引与状态链/红楼梦八十回后佚稿复原_决策台账_v2.5.md
POST_M8_SOURCE_ARCHIVE,RCWH_SelfContained_Handover_v4.0_20261007(1).zip,03_VALID_HISTORY/RECONSTRUCTION/REFERENCE/987ce7ccab__第088回_文学复原剧情增厚卡_v1.0.md,987ce7ccab33239601d6e08555f96744255ad2e911d620fd563719d939596a4e,04_V5_PRE32_BASELINE/04_81—100生活世界与剧情卡/02_第21步剧情增厚卡/单回卡/第088回_文学复原剧情增厚卡_v1.0.md
POST_M8_SOURCE_ARCHIVE,RCWH_SelfContained_Handover_v4.0_20261007(1).zip,03_VALID_HISTORY/RECONSTRUCTION/REFERENCE/a9c66d17a7__第089回_文学复原剧情增厚卡_v1.0.md,a9c66d17a7d27a9da59b05b874fb454d0269509a8003b6db8cdaa79656203fbc,04_V5_PRE32_BASELINE/04_81—100生活世界与剧情卡/02_第21步剧情增厚卡/单回卡/第089回_文学复原剧情增厚卡_v1.0.md
POST_M8_SOURCE_ARCHIVE,RCWH_SelfContained_Handover_v4.0_20261007(1).zip,03_VALID_HISTORY/RECONSTRUCTION/REFERENCE/b2a5d1282d__第083回_文学复原剧情增厚卡_v1.0.md,b2a5d1282d2da1adc47743abb476826ac2850636fe05bf20e4fe45d2dbba774d,04_V5_PRE32_BASELINE/04_81—100生活世界与剧情卡/02_第21步剧情增厚卡/单回卡/第083回_文学复原剧情增厚卡_v1.0.md
POST_M8_SOURCE_ARCHIVE,RCWH_SelfContained_Handover_v4.0_20261007(1).zip,03_VALID_HISTORY/RECONSTRUCTION/REFERENCE/b55a219adf__第100回_文学复原剧情增厚卡_v1.0.md,b55a219adf8e3416148c7eaa3a3fbb4f3e03049568bf0c5cd4373d9979c4177f,04_V5_PRE32_BASELINE/04_81—100生活世界与剧情卡/02_第21步剧情增厚卡/单回卡/第100回_文学复原剧情增厚卡_v1.0.md
POST_M8_SOURCE_ARCHIVE,RCWH_SelfContained_Handover_v4.0_20261007(1).zip,03_VALID_HISTORY/RECONSTRUCTION/REFERENCE/b9d058b873__第085回_文学复原剧情增厚卡_v1.0.md,b9d058b873754bad8f2a25257d98646a79d972e542d2db4fe828ffc3a4ed899b,04_V5_PRE32_BASELINE/04_81—100生活世界与剧情卡/02_第21步剧情增厚卡/单回卡/第085回_文学复原剧情增厚卡_v1.0.md
POST_M8_SOURCE_ARCHIVE,RCWH_SelfContained_Handover_v4.0_20261007(1).zip,03_VALID_HISTORY/RECONSTRUCTION/REFERENCE/c1946d9ff0__红楼梦八十回后佚稿复原_工作底稿_v2.1_最终母本.md,c1946d9ff097372aa0583eec627a5f37ec77ec3b076fa2229c23f7f441bb7eb0,03_CURRENT_PROJECT_SOURCES/红楼梦八十回后佚稿复原_工作底稿_v2.1_最终母本.md
POST_M8_SOURCE_ARCHIVE,RCWH_SelfContained_Handover_v4.0_20261007(1).zip,03_VALID_HISTORY/RECONSTRUCTION/REFERENCE/daa2499f7b__第086回_文学复原剧情增厚卡_v1.0.md,daa2499f7b05b4404acbc185baa238e531d192519ab8f2b753f340fb4d5ceac0,04_V5_PRE32_BASELINE/04_81—100生活世界与剧情卡/02_第21步剧情增厚卡/单回卡/第086回_文学复原剧情增厚卡_v1.0.md
POST_M8_SOURCE_ARCHIVE,RCWH_SelfContained_Handover_v4.0_20261007(1).zip,03_VALID_HISTORY/RECONSTRUCTION/REFERENCE/ea25d164b0__第082回_文学复原剧情增厚卡_v1.0.md,ea25d164b0c308ce79fbade08df05383f65beb4aa68ab3cd8355f5968b4d0b0d,04_V5_PRE32_BASELINE/04_81—100生活世界与剧情卡/02_第21步剧情增厚卡/单回卡/第082回_文学复原剧情增厚卡_v1.0.md
POST_M8_SOURCE_ARCHIVE,RCWH_SelfContained_Handover_v4.0_20261007(1).zip,03_VALID_HISTORY/REGISTRY/REFERENCE/708f7a5e27__第29-E_第30步WATCH移交清单_v1.0.md,708f7a5e275d38b5a0192ab84b594785f9dbef053135254a0453c46ccc8366b5,04_V5_PRE32_BASELINE/07_全文总装与文学证据审计_第30步/00_第29步总装沿革/第29-E_第30步WATCH移交清单_v1.0.md
POST_M8_SOURCE_ARCHIVE,RCWH_SelfContained_Handover_v4.0_20261007(1).zip,03_VALID_HISTORY/REGISTRY/REFERENCE/7d82d26cca__README_从这里开始.md,7d82d26ccada1cca9659ac5b893bb28e4100dee7d9fb86726c984b76c8df0077,04_V5_PRE32_BASELINE/00_从这里开始/README_从这里开始.md
POST_M8_SOURCE_ARCHIVE,RCWH_SelfContained_Handover_v4.0_20261007(1).zip,03_VALID_HISTORY/REGISTRY/REFERENCE/86b5a8d524__第33步输入资产索引.md,86b5a8d52407aba91e609587fd4389117694d1af3268484ea7cfb3dc30f89e5b,04_V5_PRE32_BASELINE/10_v5.0启动基线/第33步输入资产索引.md
POST_M8_SOURCE_ARCHIVE,RCWH_SelfContained_Handover_v4.0_20261007(1).zip,03_VALID_HISTORY/REGISTRY/REFERENCE/9c5dca7af4__冗余错误过期内容清理报告_v2.0.md,9c5dca7af4f14410feb909e7e601a843b07ad24e5ef4aed12a9153a3823dbd88,04_V5_PRE32_BASELINE/00_从这里开始/冗余错误过期内容清理报告_v2.0.md
POST_M8_SOURCE_ARCHIVE,RCWH_SelfContained_Handover_v4.0_20261007(1).zip,03_VALID_HISTORY/REGISTRY/REFERENCE/f857731106__文件清单.md,f857731106249b2560ec39694c1e43586a4af34119ed838e54ee9938169d0775,04_V5_PRE32_BASELINE/00_从这里开始/文件清单.md
POST_M8_SOURCE_ARCHIVE,RCWH_SelfContained_Handover_v4.0_20261007(1).zip,03_VALID_HISTORY/RELEASE_HISTORY/VERSION_HISTORY/2a0cae39b1__第32-B_红楼梦八十回后文学复原_学术版_v1.0.md,2a0cae39b1dd2ace070efe5ac32fdb6ff25243eba7bb820825eca650d880999f,04_V5_PRE32_BASELINE/09_第32步三版基线_作为v5输入/第32-B_红楼梦八十回后文学复原_学术版_v1.0.md
POST_M8_SOURCE_ARCHIVE,RCWH_SelfContained_Handover_v4.0_20261007(1).zip,03_VALID_HISTORY/RELEASE_HISTORY/VERSION_HISTORY/4528daa7fd__第30步_81—100文学与证据双重审计_LOCK_v1.0.md,4528daa7fd3e6344fb2cf3a5d07e831e33c826c469197c92418d71fae49039e5,04_V5_PRE32_BASELINE/07_全文总装与文学证据审计_第30步/第30步_81—100文学与证据双重审计_LOCK_v1.0.md
POST_M8_SOURCE_ARCHIVE,RCWH_SelfContained_Handover_v4.0_20261007(1).zip,03_VALID_HISTORY/RELEASE_HISTORY/VERSION_HISTORY/4f01cbd392__第32步_红楼梦八十回后文学复原三版定稿_LOCK_v1.0.md,4f01cbd3929751b7aa33e62ccddec5c043f692279c4c0844d8dbb84c643c0203,04_V5_PRE32_BASELINE/09_第32步三版基线_作为v5输入/第32步_红楼梦八十回后文学复原三版定稿_LOCK_v1.0.md
POST_M8_SOURCE_ARCHIVE,RCWH_SelfContained_Handover_v4.0_20261007(1).zip,03_VALID_HISTORY/RELEASE_HISTORY/VERSION_HISTORY/6915514403__第32-C_红楼梦八十回后文学复原_证据版_v1.0.md,6915514403db68e92cea9b586675f374aa0d2315757fcb0975bd746d3cdb3af1,04_V5_PRE32_BASELINE/09_第32步三版基线_作为v5输入/第32-C_红楼梦八十回后文学复原_证据版_v1.0.md
POST_M8_SOURCE_ARCHIVE,RCWH_SelfContained_Handover_v4.0_20261007(1).zip,03_VALID_HISTORY/RELEASE_HISTORY/VERSION_HISTORY/a96bbf10d7__当前有效规则与版本状态_v5.0.md,a96bbf10d7d45bd5d1225facf5c03e5e639b2e1304db472b75c59f578f3a2587,04_V5_PRE32_BASELINE/00_从这里开始/当前有效规则与版本状态_v5.0.md
POST_M8_SOURCE_ARCHIVE,RCWH_SelfContained_Handover_v4.0_20261007(1).zip,03_VALID_HISTORY/RELEASE_HISTORY/VERSION_HISTORY/b4dcfe7ab7__第32-D_三版一致性总验收_v1.0.md,b4dcfe7ab7525340ffdac46648e06ff3aa9551ef30692f7a743c31019a1f12a9,04_V5_PRE32_BASELINE/09_第32步三版基线_作为v5输入/第32-D_三版一致性总验收_v1.0.md
POST_M8_SOURCE_ARCHIVE,RCWH_SelfContained_Handover_v4.0_20261007(1).zip,03_VALID_HISTORY/RELEASE_HISTORY/VERSION_HISTORY/cce353337e__第31步_81—100语言回目诗文统一_LOCK_v1.0.md,cce353337e7eba822b05e0f769cbfaaac42a8bd7f15f80daf1ea028c09bc0193,04_V5_PRE32_BASELINE/08_第31步语言统一与版本治理/第31步_81—100语言回目诗文统一_LOCK_v1.0.md
POST_M8_SOURCE_ARCHIVE,RCWH_SelfContained_Handover_v4.0_20261007(1).zip,03_VALID_HISTORY/RELEASE_HISTORY/VERSION_HISTORY/cf5cea5375__第32步_最终成果索引_v1.0.md,cf5cea537596a212b6731e7fa543cc8eaeef20a9cddd0a40a26b1c6e6e399c9f,04_V5_PRE32_BASELINE/09_第32步三版基线_作为v5输入/第32步_最终成果索引_v1.0.md
POST_M8_SOURCE_ARCHIVE,RCWH_SelfContained_Handover_v4.0_20261007(1).zip,03_VALID_HISTORY/RELEASE_HISTORY/VERSION_HISTORY/d7cfc96f70__第31-E_第31步总验收与统一稿LOCK候选_v1.0.md,d7cfc96f70e9d15deb7697f3ca5913af22058a5670572fb7d36ab26ff62028e8,04_V5_PRE32_BASELINE/08_第31步语言统一与版本治理/第31-E_第31步总验收与统一稿LOCK候选_v1.0.md
POST_M8_SOURCE_ARCHIVE,RCWH_SelfContained_Handover_v4.0_20261007(1).zip,03_VALID_HISTORY/RELEASE_HISTORY/VERSION_HISTORY/e5f38a330d__第32-D_三版正文逐回SHA256一致性表_v1.0.md,e5f38a330dde6312f100ad3e17c803681732a2ebb5985d6dc9689f8f7bd900a0,04_V5_PRE32_BASELINE/09_第32步三版基线_作为v5输入/第32-D_三版正文逐回SHA256一致性表_v1.0.md
POST_M8_SOURCE_ARCHIVE,RCWH_SelfContained_Handover_v4.0_20261007(1).zip,03_VALID_HISTORY/REVIEW/AUDIT/028ecc76a0__第30-H5_传奇成本回归审计_v1.0.md,028ecc76a0246722c2ebd89cc546cb914077364923bdaec7816c278f920f7d3a,04_V5_PRE32_BASELINE/07_全文总装与文学证据审计_第30步/第30-H5_传奇成本回归审计_v1.0.md
POST_M8_SOURCE_ARCHIVE,RCWH_SelfContained_Handover_v4.0_20261007(1).zip,03_VALID_HISTORY/REVIEW/AUDIT/106b24146a__第30-H4_人物连续性与开放项回归审计_v1.0.md,106b24146aad728e3263094d7d5f979c829d00e68dc260bb5dd01f8354758771,04_V5_PRE32_BASELINE/07_全文总装与文学证据审计_第30步/第30-H4_人物连续性与开放项回归审计_v1.0.md
POST_M8_SOURCE_ARCHIVE,RCWH_SelfContained_Handover_v4.0_20261007(1).zip,03_VALID_HISTORY/REVIEW/AUDIT/123f054753__第30-G_81—100盲读审计_v1.0.md,123f054753ce27e87da1a086021f83e4c5586b23e22862af0c45d77c7ba8bfa6,04_V5_PRE32_BASELINE/07_全文总装与文学证据审计_第30步/第30-G_81—100盲读审计_v1.0.md
POST_M8_SOURCE_ARCHIVE,RCWH_SelfContained_Handover_v4.0_20261007(1).zip,03_VALID_HISTORY/REVIEW/AUDIT/1c276f6b2b__第30-H3_时间与历史机制回归审计_v1.0.md,1c276f6b2b3e4b808f4c4272d0f9bfc178b58f48f53fe77cf75aac2f9b4175e0,04_V5_PRE32_BASELINE/07_全文总装与文学证据审计_第30步/第30-H3_时间与历史机制回归审计_v1.0.md
POST_M8_SOURCE_ARCHIVE,RCWH_SelfContained_Handover_v4.0_20261007(1).zip,03_VALID_HISTORY/REVIEW/AUDIT/1e0505a21d__第30-A_20回500字压缩损失矩阵_v1.0.md,1e0505a21d5eeb88c6b64eca0bcb331e264ca5e5df1c10229f4eddec7a8d907e,04_V5_PRE32_BASELINE/07_全文总装与文学证据审计_第30步/第30-A_20回500字压缩损失矩阵_v1.0.md
POST_M8_SOURCE_ARCHIVE,RCWH_SelfContained_Handover_v4.0_20261007(1).zip,03_VALID_HISTORY/REVIEW/AUDIT/281e3fed9e__第30-B_工具人风险专项清单_v1.0.md,281e3fed9e70f9be54db4b4d97f8d7cd5ea915aa566d91937f55771c1d3f4a50,04_V5_PRE32_BASELINE/07_全文总装与文学证据审计_第30步/第30-B_工具人风险专项清单_v1.0.md
POST_M8_SOURCE_ARCHIVE,RCWH_SelfContained_Handover_v4.0_20261007(1).zip,03_VALID_HISTORY/REVIEW/AUDIT/565cf98927__第25步_B组91—96连读评审_v1.0.md,565cf989274e3abe49a8ae4d228cbf085ab662f7c2a90993acb399b1a87b03a6,04_V5_PRE32_BASELINE/05_v4文学施工关键里程碑_历史规则/第25步_B组91—96连读评审_v1.0.md
POST_M8_SOURCE_ARCHIVE,RCWH_SelfContained_Handover_v4.0_20261007(1).zip,03_VALID_HISTORY/REVIEW/AUDIT/676a5a287a__第24步_A组84—90连读评审_v1.0.md,676a5a287a7039661bb3f9cdfee1775c65d645a9537981e4befb735d4af7c62a,04_V5_PRE32_BASELINE/05_v4文学施工关键里程碑_历史规则/第24步_A组84—90连读评审_v1.0.md
POST_M8_SOURCE_ARCHIVE,RCWH_SelfContained_Handover_v4.0_20261007(1).zip,03_VALID_HISTORY/REVIEW/AUDIT/6b70ef92d2__第30-H2_P01—P11硬偏序回归审计_v1.0.md,6b70ef92d2734a93336cf69de8fd52feef9ad856b34f28ca93bdf278bfec5312,04_V5_PRE32_BASELINE/07_全文总装与文学证据审计_第30步/第30-H2_P01—P11硬偏序回归审计_v1.0.md
POST_M8_SOURCE_ARCHIVE,RCWH_SelfContained_Handover_v4.0_20261007(1).zip,03_VALID_HISTORY/REVIEW/AUDIT/959af074ca__第30-A_81—100梗概感文学审计_v1.0.md,959af074cad771f243c7773d27a7fa862bcac7ffea960fb76a143d5545e4f3eb,04_V5_PRE32_BASELINE/07_全文总装与文学证据审计_第30步/第30-A_81—100梗概感文学审计_v1.0.md
POST_M8_SOURCE_ARCHIVE,RCWH_SelfContained_Handover_v4.0_20261007(1).zip,03_VALID_HISTORY/REVIEW/AUDIT/a2f9055404__第30-G_历次遗留WATCH盲读终裁表_v1.0.md,a2f9055404e5618cbaf9a760c618178a9da7991c1a507c1208099a194a40ad70,04_V5_PRE32_BASELINE/07_全文总装与文学证据审计_第30步/第30-G_历次遗留WATCH盲读终裁表_v1.0.md
POST_M8_SOURCE_ARCHIVE,RCWH_SelfContained_Handover_v4.0_20261007(1).zip,03_VALID_HISTORY/REVIEW/AUDIT/a52f24ebf4__第25.5步_B组91—96定点返修验收_v1.0.md,a52f24ebf409fcf620d4c2e505637f29673d336044c3fba858677cc2f21a2dc8,04_V5_PRE32_BASELINE/05_v4文学施工关键里程碑_历史规则/第25.5步_B组91—96定点返修验收_v1.0.md
POST_M8_SOURCE_ARCHIVE,RCWH_SelfContained_Handover_v4.0_20261007(1).zip,03_VALID_HISTORY/REVIEW/AUDIT/b088e9074d__第24.5步_A组84—90返修验收_v1.0_final.md,b088e9074d7f6fcfcc9cc85c8c5ce57a126f286cdc905fdc4f53d794c77995b2,04_V5_PRE32_BASELINE/05_v4文学施工关键里程碑_历史规则/第24.5步_A组84—90返修验收_v1.0_final.md
POST_M8_SOURCE_ARCHIVE,RCWH_SelfContained_Handover_v4.0_20261007(1).zip,03_VALID_HISTORY/REVIEW/AUDIT/b0bf467683__文学复原施工规则_v1.1_第23步修订.md,b0bf467683ffc2e596037cb146d70aee302a87b195a9d2d94e9da1dd8d565f32,04_V5_PRE32_BASELINE/05_v4文学施工关键里程碑_历史规则/文学复原施工规则_v1.1_第23步修订.md
POST_M8_SOURCE_ARCHIVE,RCWH_SelfContained_Handover_v4.0_20261007(1).zip,03_VALID_HISTORY/REVIEW/AUDIT/c0339d48ef__第26.5A步_C组81—83_97—98定点返修验收_v1.0.md,c0339d48efdb321b23564ad5c6c7624e1ea5016b2eacf27d367741254ff85c44,04_V5_PRE32_BASELINE/05_v4文学施工关键里程碑_历史规则/第26.5A步_C组81—83_97—98定点返修验收_v1.0.md
POST_M8_SOURCE_ARCHIVE,RCWH_SelfContained_Handover_v4.0_20261007(1).zip,03_VALID_HISTORY/REVIEW/AUDIT/c98f99fedc__第30-H1_R01—R43硬证兑现回归审计_v1.0.md,c98f99fedc5845e95031dc58df8b234ece2e396007ec324ef0f3a92587a9a52e,04_V5_PRE32_BASELINE/07_全文总装与文学证据审计_第30步/第30-H1_R01—R43硬证兑现回归审计_v1.0.md
POST_M8_SOURCE_ARCHIVE,RCWH_SelfContained_Handover_v4.0_20261007(1).zip,03_VALID_HISTORY/REVIEW/AUDIT/cada14f50e__第26.5步_C组81—83_97—98连读评审_v1.0.md,cada14f50e22e874b8cc6db0be524bce31c3eb7e979a1ccd8d325876accf34c5,04_V5_PRE32_BASELINE/05_v4文学施工关键里程碑_历史规则/第26.5步_C组81—83_97—98连读评审_v1.0.md
POST_M8_SOURCE_ARCHIVE,RCWH_SelfContained_Handover_v4.0_20261007(1).zip,03_VALID_HISTORY/REVIEW/AUDIT/d4fde513b4__第23步_三回满血试金石文学审计_v1.0.md,d4fde513b43eac5d039bb6c350afb3507e39d4489bdf81a927fed0bb57795a12,04_V5_PRE32_BASELINE/05_v4文学施工关键里程碑_历史规则/第23步_三回满血试金石文学审计_v1.0.md
POST_M8_SOURCE_ARCHIVE,RCWH_SelfContained_Handover_v4.0_20261007(1).zip,03_VALID_HISTORY/REVIEW/AUDIT/fef44566b5__第30-H_原五轮证据审计回归与第30步总验收_v1.0.md,fef44566b5fdb654d86695f86be1b858aea0c4228e9941bc5260df49074c9ae6,04_V5_PRE32_BASELINE/07_全文总装与文学证据审计_第30步/第30-H_原五轮证据审计回归与第30步总验收_v1.0.md
POST_M8_SOURCE_ARCHIVE,RCWH_SelfContained_Handover_v4.0_20261007(1).zip,03_VALID_HISTORY/WORLD/REFERENCE/0b2988010b__87—96回生活状态转换总表_v0.1.md,0b2988010b917fab7a6b82c2da031c9c554b251bd35dacd5d2d4687e774a606d,04_V5_PRE32_BASELINE/02_证据与结构底板_只读/01_母本索引与状态链/87—96回生活状态转换总表_v0.1.md
POST_M8_SOURCE_ARCHIVE,RCWH_SelfContained_Handover_v4.0_20261007(1).zip,03_VALID_HISTORY/WORLD/REFERENCE/22663c798b__宝玉狱案机制表_v0.1.md,22663c798bd4d39d6d133dcc2f1bd48b7c1ce8d59def37d6b33faceb52f24448,04_V5_PRE32_BASELINE/02_证据与结构底板_只读/01_母本索引与状态链/宝玉狱案机制表_v0.1.md
POST_M8_SOURCE_ARCHIVE,RCWH_SelfContained_Handover_v4.0_20261007(1).zip,03_VALID_HISTORY/WORLD/REFERENCE/2b5f2bcae5__玉线物流表_v0.2.md,2b5f2bcae5ce0269b0f33f4d89cad32c03d5ad77b388232da28e6fa446f5ed9d,04_V5_PRE32_BASELINE/02_证据与结构底板_只读/01_母本索引与状态链/玉线物流表_v0.2.md
POST_M8_SOURCE_ARCHIVE,RCWH_SelfContained_Handover_v4.0_20261007(1).zip,03_VALID_HISTORY/WORLD/REFERENCE/30a6ecd37a__81—100人物在场矩阵_v1.0.md,30a6ecd37a4f3e846a72ef3cd445ba78db902fa788d45ee7cd3d73d86eb4df32,04_V5_PRE32_BASELINE/04_81—100生活世界与剧情卡/01_生活世界四表/81—100人物在场矩阵_v1.0.md
POST_M8_SOURCE_ARCHIVE,RCWH_SelfContained_Handover_v4.0_20261007(1).zip,03_VALID_HISTORY/WORLD/REFERENCE/4eed139b84__81—100回相对时间轴_v1.0.md,4eed139b84d8506466df695d4ec9d2b1e479c2b5df856da8cf08d4d15f3091bd,04_V5_PRE32_BASELINE/02_证据与结构底板_只读/01_母本索引与状态链/81—100回相对时间轴_v1.0.md
POST_M8_SOURCE_ARCHIVE,RCWH_SelfContained_Handover_v4.0_20261007(1).zip,03_VALID_HISTORY/WORLD/REFERENCE/56727d17b5__81—100长线织网图_v1.0.md,56727d17b5588cdecac3d0cf66b0030a6673ace47d532937d7988141e9cc41cd,04_V5_PRE32_BASELINE/04_81—100生活世界与剧情卡/01_生活世界四表/81—100长线织网图_v1.0.md
POST_M8_SOURCE_ARCHIVE,RCWH_SelfContained_Handover_v4.0_20261007(1).zip,03_VALID_HISTORY/WORLD/REFERENCE/92749de3e6__81—100空间网络表_v1.0.md,92749de3e62e80c89611bf1b19081bbb56e4d025df981092451682333dd2b6bb,04_V5_PRE32_BASELINE/04_81—100生活世界与剧情卡/01_生活世界四表/81—100空间网络表_v1.0.md
POST_M8_SOURCE_ARCHIVE,RCWH_SelfContained_Handover_v4.0_20261007(1).zip,03_VALID_HISTORY/WORLD/REFERENCE/b32e45cbc0__84—96回中枢状态链_v1.1.md,b32e45cbc0745d671b2eff2f8945316cf531fd3cd4f1af89a9ed6aaca8d06108,04_V5_PRE32_BASELINE/02_证据与结构底板_只读/01_母本索引与状态链/84—96回中枢状态链_v1.1.md
POST_M8_SOURCE_ARCHIVE,RCWH_SelfContained_Handover_v4.0_20261007(1).zip,03_VALID_HISTORY/WORLD/REFERENCE/ffed02aee8__81—100钱物与劳务流_v1.0.md,ffed02aee8809a8937651529048e2cc10256a0ae2e2706251c9b806a6ea6ef50,04_V5_PRE32_BASELINE/04_81—100生活世界与剧情卡/01_生活世界四表/81—100钱物与劳务流_v1.0.md
